{
    "Random Forest": {
        "Accuracy": 0.7425694259604294,
        "Precision": 0.7935398488230414,
        "Recall": 0.7425694259604294,
        "F1 Score": 0.6969033935719828,
        "ROC-AUC": 0.9069430466807977,
        "Training Time (s)": 32.67112708091736
    },
    "XGBoost": {
        "Accuracy": 0.7718481057581403,
        "Precision": 0.825678530590374,
        "Recall": 0.7718481057581403,
        "F1 Score": 0.7429380509194214,
        "ROC-AUC": 0.936645922640024,
        "Training Time (s)": 40.40005874633789
    }
}